{
  "MAE": 1.7962592568589233,
  "RMSE": 2.6472318459483333,
  "R2": 0.9794984932790725
}